<?xml version="1.0" encoding="UTF-8" standalone="no" ?>
<prdf xmlns="http://www.gisplan.com.br/xmlsat" generator="G2T" generatorVersion="2.11.0" xmlns:xsi="http://www.w3.org/2001/XMLSchema-instance" xsi:schemaLocation="http://www.gisplan.com.br/xmlsat /usr/local/etc/../etc/schemas/prdf.xsd">

  <satellite>
    <name>LANDSAT</name>
    <number>2</number>
    <instrument channel="1">MSS</instrument>
  </satellite>

  <software>G2T</software>

  <version>2.11.0</version>

  <image>
    <receivingStation>Cuiaba</receivingStation>
    <processingStation>Sao Jose dos Campos</processingStation>
    <processingTime>2007-05-07T22:39:57.619546</processingTime>
    <level>2</level>
    <columns>2864</columns>
    <lines>2642</lines>
    <verticalPixelSize>80.000000</verticalPixelSize>
    <horizontalPixelSize>80.000000</horizontalPixelSize>
    <orbitDirection>Descending</orbitDirection>
    <timeStamp>
      <begin>1976-11-09T12:17:24.811667</begin>
      <center>1976-11-09T12:17:38.703333</center>
      <end>1976-11-09T12:17:52.585</end>
    </timeStamp>
    <path>236</path>
    <row>77</row>
    <shiftFromNominal>0</shiftFromNominal>
    <shiftFromNominalInSeconds>0</shiftFromNominalInSeconds>
    <shiftFromNominalInPercent>0</shiftFromNominalInPercent>
    <sunElevation>52.3881</sunElevation>
    <sunAzimuth>85.9873</sunAzimuth>
    <ephemerisMode>AUTO</ephemerisMode>
    <boundingBox>
      <UL>
        <line>3.000000</line>
        <column>0.000000</column>
        <latitude>-23.555763</latitude>
        <longitude>-49.591479</longitude>
        <northing>7394240</northing>
        <easting>643760</easting>
      </UL>
      <UR>
        <line>3.000000</line>
        <column>2346.000000</column>
        <latitude>-23.519280</latitude>
        <longitude>-47.349067</longitude>
        <northing>7394240</northing>
        <easting>872881</easting>
      </UR>
      <LR>
        <line>2273.000000</line>
        <column>2346.000000</column>
        <latitude>-25.424268</latitude>
        <longitude>-47.293627</longitude>
        <northing>7182880</northing>
        <easting>872881</easting>
      </LR>
      <LL>
        <line>2273.000000</line>
        <column>0.000000</column>
        <latitude>-25.464103</latitude>
        <longitude>-49.570040</longitude>
        <northing>7182880</northing>
        <easting>643760</easting>
      </LL>
      <CT>
        <line>1138.000000</line>
        <column>1173.000000</column>
        <latitude>-24.495139</latitude>
        <longitude>-48.450968</longitude>
        <northing>7288560</northing>
        <easting>758320</easting>
      </CT>
    </boundingBox>
    <imageData>
      <UL>
        <line>3.000000</line>
        <column>0.000000</column>
        <latitude>-23.551395</latitude>
        <longitude>-49.142460</longitude>
        <northing>7394202</northing>
        <easting>689605</easting>
      </UL>
      <UR>
        <line>3.000000</line>
        <column>2346.000000</column>
        <latitude>-23.838842</latitude>
        <longitude>-47.340443</longitude>
        <northing>7358790</northing>
        <easting>872853</easting>
      </UR>
      <LR>
        <line>2273.000000</line>
        <column>2346.000000</column>
        <latitude>-25.434383</latitude>
        <longitude>-47.748658</longitude>
        <northing>7182954</northing>
        <easting>827042</easting>
      </LR>
      <LL>
        <line>2273.000000</line>
        <column>0.000000</column>
        <latitude>-25.143263</latitude>
        <longitude>-49.573487</longitude>
        <northing>7218419</northing>
        <easting>643792</easting>
      </LL>
      <CT>
        <line>1138.000000</line>
        <column>1173.000000</column>
        <latitude>-24.492889</latitude>
        <longitude>-48.456965</longitude>
        <northing>7288821</northing>
        <easting>757717</easting>
      </CT>
    </imageData>
    <attitudes>
      <attitude>
        <time>1976-11-09T12:17:22</time>
        <roll>0</roll>
        <pitch>0</pitch>
        <yaw>0</yaw>
        <deltaRoll>0</deltaRoll>
        <deltaPitch>0</deltaPitch>
        <deltaYaw>0</deltaYaw>
      </attitude>
      <attitude>
        <time>1976-11-09T12:17:23</time>
        <roll>0</roll>
        <pitch>0</pitch>
        <yaw>0</yaw>
        <deltaRoll>0</deltaRoll>
        <deltaPitch>0</deltaPitch>
        <deltaYaw>0</deltaYaw>
      </attitude>
      <attitude>
        <time>1976-11-09T12:17:24</time>
        <roll>0</roll>
        <pitch>0</pitch>
        <yaw>0</yaw>
        <deltaRoll>0</deltaRoll>
        <deltaPitch>0</deltaPitch>
        <deltaYaw>0</deltaYaw>
      </attitude>
      <attitude>
        <time>1976-11-09T12:17:25</time>
        <roll>0</roll>
        <pitch>0</pitch>
        <yaw>0</yaw>
        <deltaRoll>0</deltaRoll>
        <deltaPitch>0</deltaPitch>
        <deltaYaw>0</deltaYaw>
      </attitude>
      <attitude>
        <time>1976-11-09T12:17:26</time>
        <roll>0</roll>
        <pitch>0</pitch>
        <yaw>0</yaw>
        <deltaRoll>0</deltaRoll>
        <deltaPitch>0</deltaPitch>
        <deltaYaw>0</deltaYaw>
      </attitude>
      <attitude>
        <time>1976-11-09T12:17:27</time>
        <roll>0</roll>
        <pitch>0</pitch>
        <yaw>0</yaw>
        <deltaRoll>0</deltaRoll>
        <deltaPitch>0</deltaPitch>
        <deltaYaw>0</deltaYaw>
      </attitude>
      <attitude>
        <time>1976-11-09T12:17:28</time>
        <roll>0</roll>
        <pitch>0</pitch>
        <yaw>0</yaw>
        <deltaRoll>0</deltaRoll>
        <deltaPitch>0</deltaPitch>
        <deltaYaw>0</deltaYaw>
      </attitude>
      <attitude>
        <time>1976-11-09T12:17:29</time>
        <roll>0</roll>
        <pitch>0</pitch>
        <yaw>0</yaw>
        <deltaRoll>0</deltaRoll>
        <deltaPitch>0</deltaPitch>
        <deltaYaw>0</deltaYaw>
      </attitude>
      <attitude>
        <time>1976-11-09T12:17:30</time>
        <roll>0</roll>
        <pitch>0</pitch>
        <yaw>0</yaw>
        <deltaRoll>0</deltaRoll>
        <deltaPitch>0</deltaPitch>
        <deltaYaw>0</deltaYaw>
      </attitude>
      <attitude>
        <time>1976-11-09T12:17:31</time>
        <roll>0</roll>
        <pitch>0</pitch>
        <yaw>0</yaw>
        <deltaRoll>0</deltaRoll>
        <deltaPitch>0</deltaPitch>
        <deltaYaw>0</deltaYaw>
      </attitude>
      <attitude>
        <time>1976-11-09T12:17:32</time>
        <roll>0</roll>
        <pitch>0</pitch>
        <yaw>0</yaw>
        <deltaRoll>0</deltaRoll>
        <deltaPitch>0</deltaPitch>
        <deltaYaw>0</deltaYaw>
      </attitude>
      <attitude>
        <time>1976-11-09T12:17:33</time>
        <roll>0</roll>
        <pitch>0</pitch>
        <yaw>0</yaw>
        <deltaRoll>0</deltaRoll>
        <deltaPitch>0</deltaPitch>
        <deltaYaw>0</deltaYaw>
      </attitude>
      <attitude>
        <time>1976-11-09T12:17:34</time>
        <roll>0</roll>
        <pitch>0</pitch>
        <yaw>0</yaw>
        <deltaRoll>0</deltaRoll>
        <deltaPitch>0</deltaPitch>
        <deltaYaw>0</deltaYaw>
      </attitude>
      <attitude>
        <time>1976-11-09T12:17:35</time>
        <roll>0</roll>
        <pitch>0</pitch>
        <yaw>0</yaw>
        <deltaRoll>0</deltaRoll>
        <deltaPitch>0</deltaPitch>
        <deltaYaw>0</deltaYaw>
      </attitude>
      <attitude>
        <time>1976-11-09T12:17:36</time>
        <roll>0</roll>
        <pitch>0</pitch>
        <yaw>0</yaw>
        <deltaRoll>0</deltaRoll>
        <deltaPitch>0</deltaPitch>
        <deltaYaw>0</deltaYaw>
      </attitude>
      <attitude>
        <time>1976-11-09T12:17:37</time>
        <roll>0</roll>
        <pitch>0</pitch>
        <yaw>0</yaw>
        <deltaRoll>0</deltaRoll>
        <deltaPitch>0</deltaPitch>
        <deltaYaw>0</deltaYaw>
      </attitude>
      <attitude>
        <time>1976-11-09T12:17:38</time>
        <roll>0</roll>
        <pitch>0</pitch>
        <yaw>0</yaw>
        <deltaRoll>0</deltaRoll>
        <deltaPitch>0</deltaPitch>
        <deltaYaw>0</deltaYaw>
      </attitude>
      <attitude>
        <time>1976-11-09T12:17:39</time>
        <roll>0</roll>
        <pitch>0</pitch>
        <yaw>0</yaw>
        <deltaRoll>0</deltaRoll>
        <deltaPitch>0</deltaPitch>
        <deltaYaw>0</deltaYaw>
      </attitude>
      <attitude>
        <time>1976-11-09T12:17:40</time>
        <roll>0</roll>
        <pitch>0</pitch>
        <yaw>0</yaw>
        <deltaRoll>0</deltaRoll>
        <deltaPitch>0</deltaPitch>
        <deltaYaw>0</deltaYaw>
      </attitude>
      <attitude>
        <time>1976-11-09T12:17:41</time>
        <roll>0</roll>
        <pitch>0</pitch>
        <yaw>0</yaw>
        <deltaRoll>0</deltaRoll>
        <deltaPitch>0</deltaPitch>
        <deltaYaw>0</deltaYaw>
      </attitude>
      <attitude>
        <time>1976-11-09T12:17:42</time>
        <roll>0</roll>
        <pitch>0</pitch>
        <yaw>0</yaw>
        <deltaRoll>0</deltaRoll>
        <deltaPitch>0</deltaPitch>
        <deltaYaw>0</deltaYaw>
      </attitude>
      <attitude>
        <time>1976-11-09T12:17:43</time>
        <roll>0</roll>
        <pitch>0</pitch>
        <yaw>0</yaw>
        <deltaRoll>0</deltaRoll>
        <deltaPitch>0</deltaPitch>
        <deltaYaw>0</deltaYaw>
      </attitude>
      <attitude>
        <time>1976-11-09T12:17:44</time>
        <roll>0</roll>
        <pitch>0</pitch>
        <yaw>0</yaw>
        <deltaRoll>0</deltaRoll>
        <deltaPitch>0</deltaPitch>
        <deltaYaw>0</deltaYaw>
      </attitude>
      <attitude>
        <time>1976-11-09T12:17:45</time>
        <roll>0</roll>
        <pitch>0</pitch>
        <yaw>0</yaw>
        <deltaRoll>0</deltaRoll>
        <deltaPitch>0</deltaPitch>
        <deltaYaw>0</deltaYaw>
      </attitude>
      <attitude>
        <time>1976-11-09T12:17:46</time>
        <roll>0</roll>
        <pitch>0</pitch>
        <yaw>0</yaw>
        <deltaRoll>0</deltaRoll>
        <deltaPitch>0</deltaPitch>
        <deltaYaw>0</deltaYaw>
      </attitude>
      <attitude>
        <time>1976-11-09T12:17:47</time>
        <roll>0</roll>
        <pitch>0</pitch>
        <yaw>0</yaw>
        <deltaRoll>0</deltaRoll>
        <deltaPitch>0</deltaPitch>
        <deltaYaw>0</deltaYaw>
      </attitude>
      <attitude>
        <time>1976-11-09T12:17:48</time>
        <roll>0</roll>
        <pitch>0</pitch>
        <yaw>0</yaw>
        <deltaRoll>0</deltaRoll>
        <deltaPitch>0</deltaPitch>
        <deltaYaw>0</deltaYaw>
      </attitude>
      <attitude>
        <time>1976-11-09T12:17:49</time>
        <roll>0</roll>
        <pitch>0</pitch>
        <yaw>0</yaw>
        <deltaRoll>0</deltaRoll>
        <deltaPitch>0</deltaPitch>
        <deltaYaw>0</deltaYaw>
      </attitude>
      <attitude>
        <time>1976-11-09T12:17:50</time>
        <roll>0</roll>
        <pitch>0</pitch>
        <yaw>0</yaw>
        <deltaRoll>0</deltaRoll>
        <deltaPitch>0</deltaPitch>
        <deltaYaw>0</deltaYaw>
      </attitude>
      <attitude>
        <time>1976-11-09T12:17:51</time>
        <roll>0</roll>
        <pitch>0</pitch>
        <yaw>0</yaw>
        <deltaRoll>0</deltaRoll>
        <deltaPitch>0</deltaPitch>
        <deltaYaw>0</deltaYaw>
      </attitude>
      <attitude>
        <time>1976-11-09T12:17:52</time>
        <roll>0</roll>
        <pitch>0</pitch>
        <yaw>0</yaw>
        <deltaRoll>0</deltaRoll>
        <deltaPitch>0</deltaPitch>
        <deltaYaw>0</deltaYaw>
      </attitude>
      <attitude>
        <time>1976-11-09T12:17:53</time>
        <roll>0</roll>
        <pitch>0</pitch>
        <yaw>0</yaw>
        <deltaRoll>0</deltaRoll>
        <deltaPitch>0</deltaPitch>
        <deltaYaw>0</deltaYaw>
      </attitude>
      <attitude>
        <time>1976-11-09T12:17:54</time>
        <roll>0</roll>
        <pitch>0</pitch>
        <yaw>0</yaw>
        <deltaRoll>0</deltaRoll>
        <deltaPitch>0</deltaPitch>
        <deltaYaw>0</deltaYaw>
      </attitude>
      <attitude>
        <time>1976-11-09T12:17:55</time>
        <roll>0</roll>
        <pitch>0</pitch>
        <yaw>0</yaw>
        <deltaRoll>0</deltaRoll>
        <deltaPitch>0</deltaPitch>
        <deltaYaw>0</deltaYaw>
      </attitude>
    </attitudes>
    <ephemerides>
      <ephemeris>
        <time>1976-11-09T12:17:22</time>
        <x>4464044.032094</x>
        <y>-4993319.180638</y>
        <z>-2897833.201046</z>
        <vx>-2867.890897</vx>
        <vy>1318.103099</vy>
        <vz>-6679.117598</vz>
      </ephemeris>
      <ephemeris>
        <time>1976-11-09T12:17:23</time>
        <x>4460809.822227</x>
        <y>-4992323.813981</y>
        <z>-2904510.825898</z>
        <vx>-2872.372234</vx>
        <vy>1323.434168</vy>
        <vz>-6676.134116</vz>
      </ephemeris>
      <ephemeris>
        <time>1976-11-09T12:17:24</time>
        <x>4457571.205674</x>
        <y>-4991322.880617</y>
        <z>-2911185.463852</z>
        <vx>-2876.849849</vx>
        <vy>1328.764525</vy>
        <vz>-6673.143777</vz>
      </ephemeris>
      <ephemeris>
        <time>1976-11-09T12:17:25</time>
        <x>4454328.186602</x>
        <y>-4990316.380906</y>
        <z>-2917857.108051</z>
        <vx>-2881.323737</vx>
        <vy>1334.094164</vy>
        <vz>-6670.146584</vz>
      </ephemeris>
      <ephemeris>
        <time>1976-11-09T12:17:26</time>
        <x>4451080.769144</x>
        <y>-4989304.315250</y>
        <z>-2924525.751643</z>
        <vx>-2885.793895</vx>
        <vy>1339.423079</vy>
        <vz>-6667.142540</vz>
      </ephemeris>
      <ephemeris>
        <time>1976-11-09T12:17:27</time>
        <x>4447828.957440</x>
        <y>-4988286.684053</y>
        <z>-2931191.387780</z>
        <vx>-2890.260317</vx>
        <vy>1344.751264</vy>
        <vz>-6664.131648</vz>
      </ephemeris>
      <ephemeris>
        <time>1976-11-09T12:17:28</time>
        <x>4444572.755706</x>
        <y>-4987263.487665</y>
        <z>-2937854.009614</z>
        <vx>-2894.723000</vx>
        <vy>1350.078713</vy>
        <vz>-6661.113912</vz>
      </ephemeris>
      <ephemeris>
        <time>1976-11-09T12:17:29</time>
        <x>4441312.167944</x>
        <y>-4986234.726633</y>
        <z>-2944513.610304</z>
        <vx>-2899.181938</vx>
        <vy>1355.405420</vy>
        <vz>-6658.089335</vz>
      </ephemeris>
      <ephemeris>
        <time>1976-11-09T12:17:30</time>
        <x>4438047.198379</x>
        <y>-4985200.401318</y>
        <z>-2951170.183009</z>
        <vx>-2903.637128</vx>
        <vy>1360.731379</vy>
        <vz>-6655.057919</vz>
      </ephemeris>
      <ephemeris>
        <time>1976-11-09T12:17:31</time>
        <x>4434777.851168</x>
        <y>-4984160.512152</y>
        <z>-2957823.720892</z>
        <vx>-2908.088565</vx>
        <vy>1366.056585</vy>
        <vz>-6652.019668</vz>
      </ephemeris>
      <ephemeris>
        <time>1976-11-09T12:17:32</time>
        <x>4431504.130509</x>
        <y>-4983115.059540</y>
        <z>-2964474.217121</z>
        <vx>-2912.536244</vx>
        <vy>1371.381030</vy>
        <vz>-6648.974585</vz>
      </ephemeris>
      <ephemeris>
        <time>1976-11-09T12:17:33</time>
        <x>4428226.040493</x>
        <y>-4982064.043990</y>
        <z>-2971121.664864</z>
        <vx>-2916.980161</vx>
        <vy>1376.704709</vy>
        <vz>-6645.922674</vz>
      </ephemeris>
      <ephemeris>
        <time>1976-11-09T12:17:34</time>
        <x>4424943.585328</x>
        <y>-4981007.465921</y>
        <z>-2977766.057296</z>
        <vx>-2921.420312</vx>
        <vy>1382.027617</vy>
        <vz>-6642.863937</vz>
      </ephemeris>
      <ephemeris>
        <time>1976-11-09T12:17:35</time>
        <x>4421656.769187</x>
        <y>-4979945.325790</y>
        <z>-2984407.387592</z>
        <vx>-2925.856692</vx>
        <vy>1387.349746</vy>
        <vz>-6639.798378</vz>
      </ephemeris>
      <ephemeris>
        <time>1976-11-09T12:17:36</time>
        <x>4418365.596249</x>
        <y>-4978877.624059</y>
        <z>-2991045.648931</z>
        <vx>-2930.289297</vx>
        <vy>1392.671092</vy>
        <vz>-6636.726000</vz>
      </ephemeris>
      <ephemeris>
        <time>1976-11-09T12:17:37</time>
        <x>4415070.070734</x>
        <y>-4977804.361167</y>
        <z>-2997680.834495</z>
        <vx>-2934.718123</vx>
        <vy>1397.991648</vy>
        <vz>-6633.646805</vz>
      </ephemeris>
      <ephemeris>
        <time>1976-11-09T12:17:38</time>
        <x>4411770.196755</x>
        <y>-4976725.537651</y>
        <z>-3004312.937472</z>
        <vx>-2939.143164</vx>
        <vy>1403.311408</vy>
        <vz>-6630.560798</vz>
      </ephemeris>
      <ephemeris>
        <time>1976-11-09T12:17:39</time>
        <x>4408465.978541</x>
        <y>-4975641.153964</y>
        <z>-3010941.951049</z>
        <vx>-2943.564417</vx>
        <vy>1408.630365</vy>
        <vz>-6627.467982</vz>
      </ephemeris>
      <ephemeris>
        <time>1976-11-09T12:17:40</time>
        <x>4405157.420288</x>
        <y>-4974551.210592</y>
        <z>-3017567.868418</z>
        <vx>-2947.981877</vx>
        <vy>1413.948515</vy>
        <vz>-6624.368359</vz>
      </ephemeris>
      <ephemeris>
        <time>1976-11-09T12:17:41</time>
        <x>4401844.526197</x>
        <y>-4973455.708030</y>
        <z>-3024190.682776</z>
        <vx>-2952.395540</vx>
        <vy>1419.265852</vy>
        <vz>-6621.261934</vz>
      </ephemeris>
      <ephemeris>
        <time>1976-11-09T12:17:42</time>
        <x>4398527.300544</x>
        <y>-4972354.646715</y>
        <z>-3030810.387320</z>
        <vx>-2956.805402</vx>
        <vy>1424.582368</vy>
        <vz>-6618.148709</vz>
      </ephemeris>
      <ephemeris>
        <time>1976-11-09T12:17:43</time>
        <x>4395205.747394</x>
        <y>-4971248.027282</y>
        <z>-3037426.975253</z>
        <vx>-2961.211457</vx>
        <vy>1429.898058</vy>
        <vz>-6615.028687</vz>
      </ephemeris>
      <ephemeris>
        <time>1976-11-09T12:17:44</time>
        <x>4391879.871033</x>
        <y>-4970135.850180</y>
        <z>-3044040.439780</z>
        <vx>-2965.613703</vx>
        <vy>1435.212917</vy>
        <vz>-6611.901872</vz>
      </ephemeris>
      <ephemeris>
        <time>1976-11-09T12:17:45</time>
        <x>4388549.675679</x>
        <y>-4969018.115930</y>
        <z>-3050650.774109</z>
        <vx>-2970.012133</vx>
        <vy>1440.526938</vy>
        <vz>-6608.768267</vz>
      </ephemeris>
      <ephemeris>
        <time>1976-11-09T12:17:46</time>
        <x>4385215.165589</x>
        <y>-4967894.825025</y>
        <z>-3057257.971452</z>
        <vx>-2974.406745</vx>
        <vy>1445.840114</vy>
        <vz>-6605.627875</vz>
      </ephemeris>
      <ephemeris>
        <time>1976-11-09T12:17:47</time>
        <x>4381876.344918</x>
        <y>-4966765.978061</y>
        <z>-3063862.025024</z>
        <vx>-2978.797533</vx>
        <vy>1451.152442</vy>
        <vz>-6602.480700</vz>
      </ephemeris>
      <ephemeris>
        <time>1976-11-09T12:17:48</time>
        <x>4378533.217933</x>
        <y>-4965631.575545</y>
        <z>-3070462.928043</z>
        <vx>-2983.184493</vx>
        <vy>1456.463913</vy>
        <vz>-6599.326744</vz>
      </ephemeris>
      <ephemeris>
        <time>1976-11-09T12:17:49</time>
        <x>4375185.788868</x>
        <y>-4964491.618023</y>
        <z>-3077060.673731</z>
        <vx>-2987.567622</vx>
        <vy>1461.774522</vy>
        <vz>-6596.166012</vz>
      </ephemeris>
      <ephemeris>
        <time>1976-11-09T12:17:50</time>
        <x>4371834.061964</x>
        <y>-4963346.106044</y>
        <z>-3083655.255312</z>
        <vx>-2991.946914</vx>
        <vy>1467.084264</vy>
        <vz>-6592.998507</vz>
      </ephemeris>
      <ephemeris>
        <time>1976-11-09T12:17:51</time>
        <x>4368478.041499</x>
        <y>-4962195.040135</y>
        <z>-3090246.666015</z>
        <vx>-2996.322365</vx>
        <vy>1472.393132</vy>
        <vz>-6589.824231</vz>
      </ephemeris>
      <ephemeris>
        <time>1976-11-09T12:17:52</time>
        <x>4365117.731651</x>
        <y>-4961038.420923</y>
        <z>-3096834.899071</z>
        <vx>-3000.693971</vx>
        <vy>1477.701120</vy>
        <vz>-6586.643188</vz>
      </ephemeris>
      <ephemeris>
        <time>1976-11-09T12:17:53</time>
        <x>4361753.136706</x>
        <y>-4959876.248947</y>
        <z>-3103419.947716</z>
        <vx>-3005.061727</vx>
        <vy>1483.008223</vy>
        <vz>-6583.455382</vz>
      </ephemeris>
      <ephemeris>
        <time>1976-11-09T12:17:54</time>
        <x>4358384.260921</x>
        <y>-4958708.524782</y>
        <z>-3110001.805186</z>
        <vx>-3009.425630</vx>
        <vy>1488.314433</vy>
        <vz>-6580.260815</vz>
      </ephemeris>
      <ephemeris>
        <time>1976-11-09T12:17:55</time>
        <x>4355011.108558</x>
        <y>-4957535.249012</y>
        <z>-3116580.464723</z>
        <vx>-3013.785675</vx>
        <vy>1493.619746</vy>
        <vz>-6577.059491</vz>
      </ephemeris>
    </ephemerides>
    <interpolation>BC</interpolation>
    <datumName>SAD69</datumName>
    <semiMajorAxis>6378160.000000</semiMajorAxis>
    <flattening>0.003353</flattening>
    <xShiftToWGS84>-66.870000</xShiftToWGS84>
    <yShiftToWGS84>4.370000</yShiftToWGS84>
    <zShiftToWGS84>-38.520000</zShiftToWGS84>
    <projectionName>UTM</projectionName>
    <originLongitude>-54</originLongitude>
    <originLatitude>0</originLatitude>
    <scaleFactor>0.999600</scaleFactor>
    <falseEasting>500000.000000</falseEasting>
    <falseNorthing>10000000.000000</falseNorthing>
    <loadedTle>/usr/local/etc/../var/technical_database/LANDSAT-2/1976/19761104105027701.od</loadedTle>
    <loadedCalibration>/usr/local/etc/../var/technical_database/LANDSAT-2/MSS/19700101000000000.cal</loadedCalibration>
    <band5>/TIFF/LANDSAT2/1976_11/LANDSAT2_MSS_19761109.120000/236_077_0/2_BC_UTM_SAD69/LANDSAT_2_MSS_19761109_236_077_L2_BAND5.tif</band5>
  </image>

</prdf>
