<?xml version="1.0"?>
<!--<!DOCTYPE metadata SYSTEM "http://www.esri.com/metadata/esriprof80.dtd">-->
<metadata xml:lang="pt"><Esri><CreaDate>20070617</CreaDate><CreaTime>08540400</CreaTime><SyncOnce>TRUE</SyncOnce><MetaID>{E1AD6F2A-C67F-4EEA-BF57-5BB4EA925766}</MetaID></Esri><idinfo><citation><citeinfo><onlink Sync="TRUE">\\NB163295\G$\BASE GEOLOGICA BRASIL\Exploracao_Brasil\03-Alvos\Brasil\02-Mapa_Base\01-Fisiografia\Hidro\bras_drenagem_principal</onlink></citeinfo></citation></idinfo><distInfo><distributor><distorTran><onLineSrc><linkage Sync="TRUE">file://\\NB163295\G$\BASE GEOLOGICA BRASIL\Exploracao_Brasil\03-Alvos\Brasil\02-Mapa_Base\01-Fisiografia\Hidro\bras_drenagem_principal</linkage><protocol Sync="TRUE">Local Area Network</protocol></onLineSrc></distorTran></distributor></distInfo><dataqual><lineage><procstep><procdesc Sync="TRUE">Dataset copied.</procdesc><srcused Sync="TRUE">E:\BASE GEOLOGICA BRASIL\Exploracao_Brasil\03-Alvos\PNP\01-Fisiografia\Brasil\Hidrografia\bras_drenagem_principal</srcused><date Sync="TRUE">20070617</date><time Sync="TRUE">08540400</time></procstep></lineage></dataqual></metadata>
