<?xml version="1.0"?>
<!--<!DOCTYPE metadata SYSTEM "http://www.esri.com/metadata/esriprof80.dtd">-->
<metadata xml:lang="en"><Esri><CreaDate>20100419</CreaDate><CreaTime>17215600</CreaTime><SyncOnce>TRUE</SyncOnce><MetaID>{037E6AC8-E0A3-4816-B675-75E30D8BAF8F}</MetaID></Esri><idinfo><citation><citeinfo><onlink Sync="TRUE">Y:\geodata\sigmine\SPCopy</onlink></citeinfo></citation></idinfo><distInfo><distributor><distorTran><onLineSrc><linkage Sync="TRUE">file://Y:\geodata\sigmine\SPCopy</linkage><protocol Sync="TRUE">Local Area Network</protocol></onLineSrc></distorTran></distributor></distInfo><dataqual><lineage><procstep><procdesc Sync="TRUE">Dataset copied.</procdesc><srcused Sync="TRUE">Y:\geodata\sigmine\SP</srcused><date Sync="TRUE">20100419</date><time Sync="TRUE">17215600</time></procstep></lineage></dataqual></metadata>
