<?xml version="1.0"?>
<!--<!DOCTYPE metadata SYSTEM "http://www.esri.com/metadata/esriprof80.dtd">-->
<metadata xml:lang="pt"><Esri><CreaDate>20060106</CreaDate><CreaTime>14282500</CreaTime><SyncOnce>TRUE</SyncOnce><MetaID>{187F3F4A-1CB8-4A77-8873-94E765F8CC05}</MetaID></Esri><idinfo><citation><citeinfo><onlink Sync="TRUE">\\NB163298\C$\gegek\integracao_brasil\brasil\planimetria\cartografia\brasil_articula_1milhaoCopiar</onlink></citeinfo></citation></idinfo><distInfo><distributor><distorTran><onLineSrc><linkage Sync="TRUE">file://\\NB163298\C$\gegek\integracao_brasil\brasil\planimetria\cartografia\brasil_articula_1milhaoCopiar</linkage><protocol Sync="TRUE">Local Area Network</protocol></onLineSrc></distorTran></distributor></distInfo><dataqual><lineage><procstep><procdesc Sync="TRUE">Conjunto de Dados copiado.</procdesc><srcused Sync="TRUE">n:\integracao_brasil\brasil\planimetria\cartografia\brasil_articula_1milhao</srcused><date Sync="TRUE">20060106</date><time Sync="TRUE">14282500</time></procstep></lineage></dataqual></metadata>
